file,text,translation,a,b,c,d,note
qlv0_01,今､何問目？,现在是第几题？,"1問目
第1题","1問目
第1题","6問目
第6题","5問目
第5题",
qlv1_01,"レナと魅音が持ってきてくれた
おはぎは何個？",蕾娜和魅音送来的萩饼有几个？,"5個
5个","4個
4个","3個
3个","12個
12个",
qlv1_02,"圭ーがセブンスマートで買った
ラーメンは何？","圭一在 Seven Mart 买的拉面
是什么口味？","豚骨ショウガ味
豚骨生姜味","醤油味
酱油味","塩味
盐味","カレー
咖喱",
qlv1_03,"バラバラ殺人。
見つからなかったのは､
現場監督の何？","碎尸杀人案中，
没有被找到的
是现场监督的什么部位？","右腕
右臂","頭
头","左腕
左臂","明日
明日",
qlv1_04,南井巴は｢染伝し編｣当時､何歳？,南井巴在｢染传篇｣里是多少岁？,"29歳
29岁","28歳
28岁","25歳
25岁","永遠の17歳
永远的17岁",
qlv1_05,藤田刑事の奥さんの名前は？,藤田警官的妻子名字叫什么？,"祐子
祐子","洋子
洋子","路子
路子","優子
优子",
qlv1_06,園崎家のお手伝いさんは？,园崎家的佣人是谁？,"沁子
沁子","ミタ
三田","芳子
芳子","幸子
幸子",
qlv1_07,"魅音の親戚､
おもちゃ屋さんは誰？","魅音的亲戚中，
开玩具店的是谁？","善郎
善郎","弘
弘","義郎
义郎","三郎
三郎",
qlv1_08,"魅音の親戚､
エンジエルモートの経営者は？","魅音的亲戚中，
Angel Mort 的经营者是谁？","義郎
义郎","善郎
善郎","弘
弘","三郎
三郎",
qlv1_09,入江が監督をやっているのは？,入江担任监督的棒球队是哪一个？,"ファイターズ
Fighters","ライオンズ
Lions","タイガース
Tigers","アフィリアーズ
Afilias",
qlv1_10,亀田の下の名前は？,龟田的名字是？,"幸一
幸一","進一
进一","剛
刚","秀樹
秀树",
qlv1_11,"分校の先生､知恵留美子。
好きなものは？","分校的老师知惠留美子，
喜欢的东西是？","カレー
咖喱","鯛焼き
鲷鱼烧","バニラアイス
香草冰淇淋","お米
大米",
qlv1_12,沙都子の苦手な食べ物は？,沙都子讨厌的食物是？,"かぼちゃ
南瓜","ブロッコリー
西兰花","カリフラワー
花椰菜","ロマネスコ
罗马花椰菜",
qlv1_13,固有結界が使えないのは？,无法使用固有结界的是？,"夏美
夏美","圭一
圭一","入江
入江","陸
陆",
qlv1_14,"梨花は｢賽殺し編｣以外では､
何代目の巫女？","梨花在｢赛杀篇｣之外，
是第几代巫女？","8代目
第8代","7代目
第7代","3代目
第3代","9代目
第9代",
qlv1_15,"レナの大好きな､ランディイくん人形。
それは何？","礼奈最喜欢的肯太人偶，
是什么形象？","白ヒゲのおっさん
白胡子大叔","ゾウの子ども
小象","舌を出した女の子
伸出舌头的女孩子","ピエロみたいな男
像小丑一样的男人",
qlv1_16,圭一のお父さんの職業は？,圭一父亲的职业是？,"同人作家
同人作家","画家
画家","彫刻家
雕刻家","遊び人
玩乐者",
qlv1_17,"私服姿で､
帽子をかぶっているのは？",穿私服时戴着帽子的是？,"レナ
蕾娜","魅音
魅音","沙都子
沙都子","梨花
梨花",
qlv1_18,髪にカチューシャをしているのは？,头上戴着发箍的是？,"沙都子
沙都子","魅音
魅音","レナ
蕾娜","梨花
梨花",
qlv1_19,制服姿で､蝶ネクタイは？,穿制服时戴着蝴蝶结的是？,"梨花
梨花","魅音
魅音","レナ
蕾娜","沙都子
沙都子",
qlv1_20,私服姿で､短パンなのは？,穿私服时穿着短裤的是？,"沙都子
沙都子","魅音
魅音","レナ
蕾娜","梨花
梨花",
qlv1_21,私服姿で､ジーパンなのは？,穿私服时穿着牛仔裤的是？,"魅音
魅音","レナ
蕾娜","沙都子
沙都子","梨花
梨花",
qlv1_22,私服姿､セーターを着ているのは？,穿私服时穿着毛衣的是？,"詩音
诗音","魅音
魅音","レナ
蕾娜","沙都子
沙都子",
qlv1_23,"竜宮レナ､
茨城でどんな事件を起こした？",龙宫蕾娜在茨城引发了什么事件？,"傷害
伤人","窃盗
窃盗","放火
放火","殺人
杀人",
qlv1_24,園崎お魎､通り名は園崎｢なに｣？,园崎魉的别号是园崎｢什么｣？,"明王
明王","帝王
帝王","界王
界王","覇王
霸王",
qlv1_25,"雛見沢の建物のつくりは､
｢なに｣造り？","雏见泽的建筑构造
是｢什么｣造？","合掌
合掌","合唱
合唱","合従
合纵","楽笑
合笑","这四个读音都是gassho
于是最后一个本地化为合笑"
qlv1_26,綿流しのお祭り､何を流していた？,绵流祭上流放的是什么？,"綿
绵","罪
罪","臓物
内脏","涙
泪",
qlv1_27,"綿流しのお祭り､
梨花が鍬で裂いていたのは何？","绵流祭上，
梨花用耙子划开的是什么？","布団
被子","ニワトリ
鸡","人
人","国旗
国旗",
qlv1_28,"｢祟殺し編｣終盤､沙都子は
北条家のどこで発見された？","｢祟杀篇｣结尾，沙都子
在北条家的哪里被发现？","風呂場
浴室","台所
厨房","庭
庭院","居間
客厅",
qlv1_29,"佐伯千紗登､
実家は何をやっている？","佐伯千纱登的老家
是开什么的？","総合病院
综合医院","宝石店
宝石店","レストラン
餐厅","製薬会社
制药公司",
qlv1_30,"佐伯千紗登､
亡くなった妹の名前は？","佐伯千纱登去世的妹妹
名字叫什么？","佳織
佳织","沙織
沙织","伊織
伊织","詩織
诗织",
qlv1_31,"この中で､
垣内署の刑事でないのは誰？","这些人当中，
谁不是垣内署的刑警？","松岡
松冈","高屋敷
高屋敷","安藤
安藤","嶋
岛",
qlv1_32,"圭一のトラウマになっている
おもちやは？",成为圭一心理阴影的玩具是？,"モデルガン
模型枪","パチンコ
弹珠机","麻雀
麻将","トランプ
扑克牌",
qlv1_33,部活でやらなかった遊びはどれ？,社团活动没玩过的游戏是哪一个？,"ベーゴマ
陀螺","ゾンビ鬼
僵尸鬼","大富豪
大富豪","犯人探し
寻找犯人",
qlv1_34,"｢鬼隠し編｣で､
圭一が身を守るために
使ったものは？","｢鬼隐篇｣中，
圭一为了防身而使用的是什么？","金属バット
金属球棒","鉈
柴刀","斧
斧头","スタンガン
电击枪",
qlv1_35,前原藍子の声優さんは？,前原蓝子的声优是谁？,"松井菜桜子
松井菜樱子","前田愛
前田爱","水野理紗
水野理纱","井上麻里奈
井上麻里奈",
qlv1_36,"コミックの購入特典になった
外伝はどれ？",成为漫画购买特典的外传是哪一个？,"猫殺し編
猫杀篇","村崩し編
村崩篇","幸遠し編
幸远篇","夢交し編
梦交篇",
qlv1_37,絆シリーズ第一巻､出たのは何年？,｢绊｣系列第一卷，是在哪一年发售的？,"2008年
2008年","2007年
2007年","2009年
2009年","2010年
2010年",
qlv1_38,｢嘆きノ森｣､歌ったのは誰？,｢嘆きノ森｣是谁演唱的？,"彩音
彩音","いとうかなこ
伊藤香奈子","Cyua
Cyua","諫山実生
谏山实生",
qlv1_39,"ひぐらしのなく頃に絆､
第一巻は？","｢寒蝉鸣泣之时 绊｣
第一卷的副标题是？","祟
祟","想
想","螺
螺","絆
绊",
qlv1_40,"｢追想のディスペア｣､
歌ったのは誰？","｢追想のディスペア｣
是谁演唱的？","いとうかなこ
伊藤香奈子","彩音
彩音","Cyua
Cyua","諫山実生
谏山实生",
qlv1_41,"この文字､なんて読む？

興宮","下面两个字在游戏里怎么念？

興宮","おきのみや
okinomiya","こうみや
kōmiya","きょうみや
kyōmiya","こうぐう
kōgū",
qlv1_42,"この文字､なんて読む？

鹿骨","下面两个字在游戏里怎么念？

鹿骨","ししぼね
shishibone","かこつ
kakotsu","しかほね
shikahone","ろっこつ
rokkotsu",
qlv1_43,この絵の制服を着ているのは？,这幅图像中穿着制服的是谁？,"レナ
蕾娜","魅音
魅音","沙都子
沙都子","梨花
梨花",
qlv1_44,この絵の制服を着ているのは？,这幅图像中穿着制服的是谁？,"魅音
魅音","レナ
蕾娜","沙都子
沙都子","梨花
梨花",
qlv1_45,このキャラは誰？,这个角色是谁？,"圭一
圭一","悟史
悟史","幸助
幸助","誠
诚",
qlv1_46,このキャラは誰？,这个角色是谁？,"レナ
蕾娜","魅音
魅音","梨花
梨花","文乃
文乃",
qlv1_47,このキャラは誰？,这个角色是谁？,"魅音
魅音","レナ
蕾娜","沙都子
沙都子","伊豆湖
伊豆湖",
qlv1_48,このキャラは誰？,这个角色是谁？,"沙都子
沙都子","梨花
梨花","レナ
蕾娜","ようこ
阳子",
qlv1_49,このキャラは誰？,这个角色是谁？,"梨花
梨花","沙都子
沙都子","夏美
夏美","むろみ
室见",
qlv1_50,このキャラは誰？,这个角色是谁？,"夏美
夏美","みちる
满","真奈美
真奈美","マミ
真美",
qlv1_51,このキャラは誰？,这个角色是谁？,"藤田
藤田","熊田
熊田","郷田
乡田","花田
花田",
qlv1_52,このキャラは誰？,这个角色是谁？,"リナ
莉娜","リサ
理沙","ナサ
纳萨","サナリィ
萨纳利",
qlv1_53,このキャラを演じた声優さんは？,这个角色的出演声优是谁？,"保志総一朗
保志总一朗","星総一郎
星总一郎","保志総次郎
保志总次郎","瀬戸総一郎
濑户总一郎",
qlv1_54,このキャラを演じた声優さんは？,这个角色的出演声优是谁？,"中原麻衣
中原麻衣","仲原舞
仲原舞","中原真衣
中原真衣","楯山麻衣
楯山麻衣",
qlv1_55,このキャラを演じた声優さんは？,这个角色的出演声优是谁？,"ゆきのさつき
雪野五月","ゆきのむつき
雪野一月","きみざわさつき
君泽五月","ゆきのかなめ
雪野要",
qlv1_56,このキャラを演じた声優さんは？,这个角色的出演声优是谁？,"かないみか
金井美香","かみなかい
上中井","かみいなか
上稻中","かかみいな
各务稻",
qlv1_57,このキャラを演じた声優さんは？,这个角色的出演声优是谁？,"田村ゆかり
田村由香里","田無ゆかり
田无由香里","田村ゆりか
田村由里香","村田ゆりか
村田由里香",
qlv1_58,このキャラを演じた声優さんは？,这个角色的出演声优是谁？,"水橋かおり
水桥香织","涼宮かおり
凉宫香织","荻上かおり
荻上香织","巴かすみ
巴霞",
qlv1_59,このキャラを演じた声優さんは？,这个角色的出演声优是谁？,"宝亀克寿
宝龟克寿","宝亀克久
宝龟克久","奉亀克寿
奉龟克寿","ラル・ジャクソン
拉尔・杰克逊",
qlv1_60,このキャラを演じた声優さんは？,这个角色的出演声优是谁？,"氷上恭子
冰上恭子","氷上共子
冰上恭子","氷上響子
冰上响子","シフォン・うさだ
雪纺・宇佐田",
qlv2_01,"愛知県の警察は､愛知県警。
では､東京都は？",,"警視庁
警视厅","警察庁
警察厅","東京都庁
东京都厅","大江戸捜査網
大江户搜查网",
qlv2_02,南井巴の母の名前は？,,"円美
圆美","一美
一美","玉美
玉美","丸美
丸美",
qlv2_03,"｢暇潰し編｣の梨花､
どにへ帰れといった？",,"東京
东京","ソレント
索雷特","田舎
乡下","無
无",
qlv2_04,"｢目明し編｣の詩音､
最後はなんで死んだ？",,"転落死
坠落死","病死
病死","中毒死
中毒死","窒息死
窒息死",
qlv2_05,公由村長の名前は？,,"喜一郎
喜一郎","又一郎
又一郎","総一郎
总一郎","喜八
喜八",
qlv2_06,詩音の苦手な食べ物は？,,"缶詰
罐头","レモン
柠檬","しいたけ
香菇","漬物
腌菜",
qlv2_07,赤坂は警察官の何？,,"キャリア
履历","推薦組
推荐组","一般採用
一般录用","出向
出向",
qlv2_08,詩音の通っていた学校は？,,"聖ルチーア
圣露琪亚","聖マリア
圣玛利亚","聖ナポリ
圣纳波利","聖セレナ
圣塞蕾娜",
qlv2_09,"｢暇潰し編｣で赤坂に接触した
情報屋は？",,"サトさん
沙都子","ソトさん
沙外","ミチさん
美智","スズさん
铃小姐",
qlv2_10,赤坂の娘の名前は？,,"美雪
美雪","深雪
深雪","美幸
美幸","みゆき
美雪",
qlv2_11,"退職後の大石､
｢なに｣ダイエットをやり始めた？",,"リンゴ
苹果","絶食
绝食","バナナ
香蕉","炭水化物
碳水化合物",
qlv2_12,退職後の大石､何を始めた？,,"社交ダンス
社交舞","農業
农业","盆栽
盆栽","ゲートボール
门球",
qlv2_13,警視庁の赤坂､所属は公安のどこ？,,"第七室
第七室","第五室
第五室","第一室
第一室","第零室
第零室",
qlv2_14,巴とまどか､歳の差は何歳？,,"3歳
3岁","2歳
2岁","5歳
5岁","4歳
4岁",
qlv2_15,山沖薫､出身はどこ？,,"山口
山口","長崎
长崎","和歌山
和歌山","愛媛
爱媛",
qlv2_16,葛西タツヨシ､漢字で書くと？,,"辰由
辰由","辰吉
辰吉","辰良
辰良","辰義
辰义",
qlv2_17,"魅音と詩音の違い､
決定的な違いは？",,"刺青
刺青","胸
胸","髪形
发型","頭の良さ
头脑好",
qlv2_18,大石の部下の熊谷､下の名前は？,,"勝也
胜也","篤士
笃士","拓央
拓央","充
充",
qlv2_19,"昼壊し編で無くなったのは､
｢なに｣の勾玉？",,"フワラズ
弗瓦拉兹","フラワズ
弗拉瓦兹","プリホル
普利霍尔","ワラフズ
瓦拉夫兹",
qlv2_20,"｢昼壊し編｣､
原作と異なっていないのは？",,"最初に惚れる相手
最初迷恋的对象","圭一の固有結界
圭一的固有结界","最後の対決方法
最后的对决方法","羽入と詩音の有無
羽入和诗音的有无",
qlv2_21,"畠山家で起きた､一家惨殺事件。
犯人は誰？",,"あおい
葵","正雄
正雄","一馬
一马","芳子
芳子",
qlv2_22,"｢目明し編｣で詩音がアルバイト
していたのは､どこ？",,"ファミレス
家庭餐厅","おもちゃ屋
玩具店","図書館
图书馆","キャバクラ
夜总会",
qlv2_23,"｢綿流し編｣､祭具殿で
変な足音を聞いたのは誰？",,"詩音
诗音","鷹野
鹰野","富竹
富竹","圭一
圭一",
qlv2_24,赤坂雪絵の声優さんは？,,"水野理紗
水野理纱","松井菜桜子
松井菜樱子","前田愛
前田爱","井上麻里奈
井上麻里奈",
qlv2_25,"絆シリーズで､声優名が伏せられた
ことのあるキャラは？",,"赤坂美雪
赤坂美雪","田無美代子
田无美代子","十和田八重
十和田八重","南井まどか
南井圆",
qlv2_26,"｢プレイス・オプブ・ピリオド｣､
歌ったのは誰？",,"諫山実生
谏山实生","いとうかなこ
伊藤香奈子","彩音
彩音","Cyua
Cyua",
qlv2_27,"｢目明し編｣､
エンディングテーマは何？",,"you
you","そらのむこう
天空的彼岸","Friend
Friend","escape
escape",
qlv2_28,"原作版から欠かせない作曲家さん､
名前はなんという？",,"dai
dai","doi
doi","bai
bai","boi
boi",
qlv2_29,"ひぐらし外伝シリーズ､
ベースになったのは何編？",,"鬼曝し編
鬼曝篇","現壊し編
现坏篇","心癒し編
心愈篇","燕返し編
燕返篇",
qlv2_30,"｢昼壊し編｣､
何のゲームをベースに書かれた？",,"ひデブ
蝉猪","さンゴ
三语","トさカ
鸟坂","たワバ
田羽场",
qlv2_31,一年目の犠牲者､それは誰？,,"現場監督
现场监督","北条夫妻
北条夫妻","古手夫妻
古手夫妻","北条玉枝
北条玉枝",
qlv2_32,二年目の犠牲者､それは誰？,,"北条夫妻
北条夫妻","現場監督
现场监督","古手夫妻
古手夫妻","北条玉枝
北条玉枝",
qlv2_33,三年目の犠牲者､それは誰？,,"古手夫妻
古手夫妻","現場監督
现场监督","北条夫妻
北条夫妻","北条玉枝
北条玉枝",
qlv2_34,四年目の犠牲者､それは誰？,,"北条玉枝
北条玉枝","現場監督
现场监督","北条夫妻
北条夫妻","古手夫妻
古手夫妻",
qlv2_35,絆シリーズ第二巻､出たのは何年？,,"2008年
2008年","2007年
2007年","2009年
2009年","2010年
2010年",
qlv2_36,"祭シリーズ､
のちに出た時のタイトルは？",,"カケラ遊び
碎片游戏","カケラ紡ぎ
碎片纺织","カケラ結び
碎片连结","カケラ弾き
碎片弹奏",
qlv2_37,"富竹ジロウ､
役どころからついたアダ名は？",,"時報
报时","空気
空气","フラグ
旗标","通過点
通过点",
qlv2_38,"キャラクターデザインの｢らと｣さん､
文字はなんと書く？",,"rato
rato","Rato
Rato","RATO
RATO","Lato
Lato",
qlv2_39,"ひぐらしのなく頃に絆､
第二巻は？",,"想
想","祟
祟","螺
螺","絆
绊",
qlv2_40,"この文字､なんて読む？

谷河内",,"やごうち
谷河内","たにごうち
谷河内","たにこうち
谷河内","たにかわち
谷河内",
qlv2_41,この絵の制服を着ているのは？,这幅图像中穿着制服的是谁？,"沙都子
沙都子","レナ
蕾娜","詩音
诗音","梨花
梨花",
qlv2_42,この絵の制服を着ているのは？,这幅图像中穿着制服的是谁？,"梨花
梨花","夏美
夏美","魅音
魅音","詩音
诗音",
qlv2_43,この絵の制服を着ているのは？,这幅图像中穿着制服的是谁？,"詩音
诗音","魅音
魅音","レナ
蕾娜","夏美
夏美",
qlv2_44,この絵の制服を着ているのは？,这幅图像中穿着制服的是谁？,"夏美
夏美","レナ
蕾娜","沙都子
沙都子","梨花
梨花",
qlv2_45,"この口癖をしているのは､誰？

おじさん",,"魅音
魅音","レナ
蕾娜","沙都子
沙都子","梨花
梨花",
qlv2_46,このキャラは誰？,这个角色是谁？,"梨花
梨花","沙都子
沙都子","美雪
美雪","夏美
夏美",
qlv2_47,このキャラは誰？,这个角色是谁？,"赤坂
赤坂","戦人
战人","保坂
保坂","空条
空条",
qlv2_48,このキャラは誰？,这个角色是谁？,"詩音
诗音","嘉音
嘉音","紗音
纱音","明日音
明日音",
qlv2_49,このキャラは誰？,这个角色是谁？,"亀田
龟田","田中
田中","烏養
乌养","小林
小林",
qlv2_50,このキャラは誰？,这个角色是谁？,"悟史
悟史","鉄平
铁平","聡志
聪志","嘉音
嘉音",
qlv2_51,このキャラは誰？,这个角色是谁？,"巴
巴","一美
一美","薙
薙","麻尋
麻寻",
qlv2_52,このキャラは誰？,这个角色是谁？,"大石
大石","鎌霧
镰雾","磯野
矶野","目暮
目暮",
qlv2_53,このキャラを演じた声優さんは？,这个角色的出演声优是谁？,"田村ゆかり
田村由香里","村田ゆかり
村田由香里","田村ゆりか
田村由里香","完売なのは
售罄的是",
qlv2_54,このキャラを演じた声優さんは？,这个角色的出演声优是谁？,"小野大輔
小野大辅","右代宮大輔
右代宫大辅","小野清舟
小野清舟","小野かおる
小野薰",
qlv2_55,このキャラを演じた声優さんは？,这个角色的出演声优是谁？,"ゆきのさつき
雪野五月","ゆきのむつき
雪野一月","きみざわさつき
君泽五月","ゆきのかなめ
雪野要",
qlv2_56,このキャラを演じた声優さんは？,这个角色的出演声优是谁？,"田中一成
田中一成","田中三成
田中三成","道頓堀一成
道顿堀一成","田中拳
田中拳",
qlv2_57,このキャラを演じた声優さんは？,这个角色的出演声优是谁？,"小林ゆう
小林优","木林ゆう
木林优","小林ゆゆ
小林优优","サシャ・葛城
萨沙・葛城",
qlv2_58,このキャラを演じた声優さんは？,这个角色的出演声优是谁？,"井ノ上奈々
井上奈奈","井上七
井上七","川淵奈々
川渊奈奈","仙堂奈々
仙堂奈奈",
qlv2_59,このキャラを演じた声優さんは？,这个角色的出演声优是谁？,"茶風林
茶风林","茶風鈴
茶风铃","滝口林
泷口林","永沢秀治
永泽秀治",
qlv2_60,このキャラを演した声優さんは？,这个角色的出演声优是谁？,"沢城みゆき
泽城美雪","沢城美雪
泽城美雪","沢代みゆき
泽代美雪","銅鑼野織乃楠
铜锣野织乃楠",
qlv3_01,南井巴の出身大学は？,,"鹿嶋大
鹿岛大","水戸大
水户大","日立大
日立大","土浦大
土浦大",
qlv3_02,垣内署の署長､山沖薫の階級は？,,"警視正
警视正","警視
警视","警視長
警视长","警部
警部",
qlv3_03,魅音の親戚､議員さんは誰？,,"三郎
三郎","善郎
善郎","弘
弘","義郎
义郎",
qlv3_04,南井巴の陸上部時代の種目は？,,"走り高跳び
跳高","マラソン
马拉松","やり投げ
投掷标枪","短距離走
短跑",
qlv3_05,"大高の所属する県警本部､
どこにある？",,"穀倉
谷仓","谷河内
谷河内","興宮
兴宫","天竺
天竺",
qlv3_06,レナの仕掛けた爆弾の仕組みは？,,"キッチンタイマー
厨房计时器","目覚まし時計
闹钟","フーコーの振り子
傅科摆","形状記憶合金
形状记忆合金",
qlv3_07,"大石の上司､
刑事課の課長の名前は？",,"高杉
高杉","大杉
大杉","出木杉
出木杉","千年杉
千年杉",
qlv3_08,羽入の好物は？,,"正解はない
没有正确答案","キムチ
泡菜","ワサビ
山葵","ハバネロ
哈瓦那椒",
qlv3_09,梨花の好きなものは？,,"ぶどうジュース
葡萄汁","りんごジュース
苹果汁","梅酒
梅酒","焼肉のたれ
烤肉酱",
qlv3_10,"山沖のエンジェルモートでの
称号は？",,"大公爵
大公爵","帝王
帝王","神
神","おっさん
大叔",
qlv3_11,"園崎家の秘宝､｢シンレイ｣､
漢字で書くと？",,"振鈴
振铃","心霊
心灵","神鈴
神铃","神礼
神礼",
qlv3_12,園崎家の家宝の剣､｢なに｣弾き？,,"たま
球","つま
妻","しま
岛","てま
工夫",
qlv3_13,"八重の恋人､黒澤タクE。
漢字で書くと？",,"工
工","匠
匠","巧
巧","卓
卓",
qlv3_14,"ライターの荒川龍ノ介､
専門ジャンルは？",,"オカルト
灵异","スポーツ
运动","ＳＦ
ＳＦ","芸能
艺能",
qlv3_15,反町美雪､父親は誰？,,"赤坂
赤坂","大石
大石","富竹
富竹","圭一
圭一",
qlv3_16,園崎家の裏切り者､名前は？,,"三船
三船","渡
渡","加山
加山","石原
石原",
qlv3_17,"｢鬼隠し編｣の圭一､
何を注射器だと思った？",,"サインペン
记号笔","泡だて器
打蛋器","リモコン
遥控器","しゃもじ
饭勺",
qlv3_18,"間宮リ大､勤めているのは
｢なに｣マーメイド？",,"ブルー
蓝色","リトル
小","レッド
红色","デス
死亡",
qlv3_19,乙部彰､どうして借金をした？,,"彼女
她","競馬
赛马","パチンコ
弹珠机","宗教
宗教",
qlv3_20,集団自殺､生き残ったのは誰？,,"乙部
乙部","芥川
芥川","千秋
千秋","真知子
真知子",
qlv3_21,尾崎渚､所属していたクラブは？,,"園芸部
园艺部","演劇部
演剧部","吹奏楽部
吹奏乐部","文芸部
文艺部",
qlv3_22,尾崎渚の彼氏､名前は｢なに｣公平？,,"澤村
泽村","田中
田中","前田
前田","大谷
大谷",
qlv3_23,園崎茜､別の漢字で書くと？,,"蒐
蒐","朱
朱","明
明","愛
爱",
qlv3_24,"間宮リナの結婚詐欺､
レナはどこで確信した？",,"喫茶店で立ち聞き
在咖啡店偷听","預金が減った
存款减少了","家具が増えた
家具增加了","父のキャバクラ
爸爸的夜总会",
qlv3_25,レナの元母親､職業は何？,,"デザイナー
设计师","教師
教师","モデル
模特","アナウンサー
播音员",
qlv3_26,羽入のNGワード､それは何？,,"バケモノ
怪物","悪魔
恶魔","鬼
鬼","宇宙人
外星人",
qlv3_27,鷹野三四､なりたかったものは何？,,"神
神","考古学者
考古学家","医師
医师","政治家
政治家",
qlv3_28,雛見沢分校､生徒数は何名？,,"26名
26名","27名
27名","30名
30名","21名
21名",
qlv3_29,"｢罪滅し編｣の屋上対決､
圭一はなんと言った？",,"ルナティック
疯狂的","オカルティック
灵异的","カオティック
混沌的","アクロバティック
杂技般的",
qlv3_30,"｢罪滅し編｣で大高が呼び寄せた
鎮圧部隊､どこから来た？",,"大阪府警
大阪府警","警視庁
警视厅","岐阜県警
岐阜县警","愛知県警
爱知县警",
qlv3_31,"｢光の空のクオリア｣､
歌ったのは誰？",,"Cyua
Cyua","いとうかなこ
伊藤香奈子","彩音
彩音","諫山実生
谏山实生",
qlv3_32,｢escape｣､歌ったのは誰?,,"いとうかなこ
伊藤香奈子","彩音
彩音","Cyua
Cyua","諫山実生
谏山实生",
qlv3_33,"｢罪滅し編｣､
エンディングテーマは何？",,"escape
escape","そらのむこう
天空的彼岸","you
you","Friend
Friend",
qlv3_34,"｢光の空のクオリア｣､
歌詞からなんという
あだ名が付いた？",,"ヤンデレ
病娇","ツンデレ
傲娇","クーデレ
酷娇","極デレ
极娇",
qlv3_35,"コ三ックの｢宵越し編｣､
ゲームと何が違う？",,"キャラが増えた
角色增加了","死人が多い
死人很多","バッドエンド
坏结局","年号が違う
年号不同",
qlv3_36,"絆シリーズの｢宵越し編｣､
脚本を担当したのは？",,"宮城季詩子
宫城季诗子","中野麻衣
中野麻衣","中村慎介
中村慎介","鴻野貴光
鸿野贵光",
qlv3_37,絆シリーズ第三巻､出たのは何年？,,"2009年
2009年","2007年
2007年","2008年
2008年","2010年
2010年",
qlv3_38,"雛見沢症候群､
症状に当てはまらないのは？",,"吸血欲求
吸血欲求","疑心暗鬼
疑心暗鬼","喉が痒くなる
喉咙发痒","幻覚が見える
能看到幻觉",
qlv3_39,"ひぐらしのなく頃に絆､
第三巻は？",,"螺
螺","祟
祟","想
想","絆
绊",
qlv3_40,"ひぐらし全シリーズ､
ー番台詞の多かった声優さんは？",,"ゆきのさつき
雪野五月","保志総一朗
保志总一朗","中原麻衣
中原麻衣","田村ゆかり
田村由香里",
qlv3_41,祭シリーズ､出たのは何年？,,"2007年
2007年","2006年
2006年","2008年
2008年","2009年
2009年",
qlv3_42,"この文字､なんて読む？

榖倉",,"ごぐら
御藏","こくそう
黑草","こくら
小仓","ごくら
极乐",
qlv3_43,"この名前､なんて言う？

小此木",,"おこのぎ
小此木","こひぎ
小比木","ここのぎ
小此木","ここぎ
小此木",
qlv3_44,"この口癖をしているのは､誰？

はう",,"レナ
蕾娜","魅音
魅音","沙都子
沙都子","梨花
梨花",
qlv3_45,"この口癖をしているのは､誰？

を一つっほつほっほっ",,"沙都子
沙都子","レナ
蕾娜","魅音
魅音","梨花
梨花",
qlv3_46,"この口癖をしているのは､誰？

みい",,"梨花
梨花","レナ
蕾娜","魅音
魅音","沙都子
沙都子",
qlv3_47,このキャラは誰？,这个角色是谁？,"乙部
乙部","甲部
甲部","乙吉
乙吉","光希
光希",
qlv3_48,このキャラは誰？,这个角色是谁？,"八重
八重","二重
二重","一重
一重","沙英
沙英",
qlv3_49,このキャラは誰？,这个角色是谁？,"渚
渚","薫
薰","慎
慎","梢
梢",
qlv3_50,このキャラは誰？,这个角色是谁？,"塚田
塚田","山田
山田","有田
有田","満田
满田",
qlv3_51,このキャラは誰？,这个角色是谁？,"まどか
圆","ほむら
炎","きょうこ
恭子","さやか
沙也加",
qlv3_52,このキャラは誰？,这个角色是谁？,"入江
入江","大石
大石","鷹野
鹰野","ＪＪ・リックス
ＪＪ・里克斯",
qlv3_53,このキャラは誰？,这个角色是谁？,"知恵
知惠","巴
巴","まどか
圆","茜
茜",
qlv3_54,このキャラを演じた声優さんは？,这个角色的出演声优是谁？,"宮田幸季
宫田幸季","田宮幸季
田宫幸季","宮田光貴
宫田光贵","不二咲照文
不二咲照文",
qlv3_55,このキャラを演じた声優さんは？,这个角色的出演声优是谁？,"新谷良子
新谷良子","新谷涼子
新谷凉子","仁井谷良子
仁井谷良子","ミルフィ・桜木
米露菲・樱木",
qlv3_56,このキャラを演じた声優さんは？,这个角色的出演声优是谁？,"仁後真耶子
仁后真耶子","二五真耶子
二五真耶子","人御摩耶子
人御摩耶子","リリカ・高槻
莉莉卡・高槻",
qlv3_57,このキャラを演じた声優さんは？,这个角色的出演声优是谁？,"中村悠一
中村悠一","仲村悠一
仲村悠一","中村裕一
中村裕一","リカルド・早乙女
里卡多・早乙女",
qlv3_58,このキャラを演じた声優さんは？,这个角色的出演声优是谁？,"下田麻美
下田麻美","志茂田麻美
志茂田麻美","下田麻実
下田麻实","亜美真美
亚美真美",
qlv3_59,このキャラを演じた声優さんは？,这个角色的出演声优是谁？,"関俊彦
关俊彦","石俊彦
石俊彦","関利彦
关利彦","加賀桃太郎
加贺桃太郎",
qlv3_60,このキャラを演じた声優さんは？,这个角色的出演声优是谁？,"折笠富美子
折笠富美子","織笠富美子
织笠富美子","折笠富子
折笠富子","シエル・南野
希尔・南野",
qlv4_01,"しらかば山荘事件が
起きたのは､何年？",,"1970年
1970年","1971年
1971年","1972年
1972年","1969年
1969年",
qlv4_02,花田刑事の趣味は？,,"カーレース
赛车","盆栽
盆栽","射撃
射击","読書
读书",
qlv4_03,"高屋敷刑事の実家は､
何をやっている？",,"レストラン
餐厅","花屋
花店","不動産屋
房地产商","料亭
料亭",
qlv4_04,"垣内署の刑事二課の
課長代理は浅見と誰？",,"児島
儿岛","山下
山下","駒鳥
驹鸟","田淵
田渊",
qlv4_05,花田史郎の元の苗字は？,,"滝口
泷口","山口
山口","澤村
泽村","種田
种田",
qlv4_06,魅音の親戚､不動産屋さんは誰？,,"弘
弘","善郎
善郎","義郎
义郎","三郎
三郎",
qlv4_07,羽入の剣の名前は？,,"柳桜
柳樱","流桜
流樱","桜桃
樱桃","龍桜
龙樱",
qlv4_08,"この中で実在しない
古手家の人間は？",,"来花
来花","桜花
樱花","梨花
梨花","風花
风花",
qlv4_09,"タカノクリニックに
勤めている医者は誰？",,"山本
山本","沖田
冲田","川上
川上","小早川
小早川",
qlv4_10,羽入の言い伝えられている本名は？,,"イェアソムール
耶阿索穆尔","シーツェン
西岑","リューン
琉恩","ジェダ
杰达",
qlv4_11,鷹野の元の苗字は？,,"田無
田无","吉祥寺
吉祥寺","中野
中野","三鷹
三鹰",
qlv4_12,富竹の得意技は？,,"射撃
射击","タックル
擒抱","盗撮
偷拍","空気を読む
察言观色",
qlv4_13,"｢祭囃し編・漂尽し編｣当時､
赤坂の階級は？",,"警視
警视","警視正
警视正","警部補
警部补","警部
警部",
qlv4_14,"鷹野の焼死トリックは
何で見破られた？",,"保険証
保险证","目撃証言
目击证言","DNA鑑定
DNA鉴定","プロファイル
档案",
qlv4_15,"刑事の南井巴､
配属されたことがないのは？",,"警視庁
警视厅","警察庁
警察厅","茨城県警
茨城县警","愛知県警
爱知县警",
qlv4_16,入江の父親､職業は何？,,"土建職人
土建工匠","画家
画家","医師
医师","教師
教师",
qlv4_17,入江の専門は？,,"精神外科
精神外科","内科
内科","小児科
小儿科","眼科
眼科",
qlv4_18,園崎茜､通り名はなんという？,,"鬼姫
鬼姬","歌姫
歌姬","舞姫
舞姬","鬼婆
鬼婆",
qlv4_19,"ブラジルの首都､
魅音が答えたのは？",,"ジュネーブ
日内瓦","リオデジャネイロ
里约热内卢","ブエノスアイレス
布宜诺斯艾利斯","ブラジリア
巴西利亚",
qlv4_20,"魅音の学力のダメっぷり､
圭一は何にたとえた？",,"ウナギ
鳗鱼","ピラニア
食人鱼","トビウオ
飞鱼","ペンギン
企鹅",
qlv4_21,"婚約騒動の中で魅音､
事実を聞かされてどうなった？",,"立ったまま気絶
站着晕倒","鼻血吹き出す
鼻血喷出","穴を掘って埋まる
挖洞埋起来","逃亡して行方不明
逃亡后下落不明",
qlv4_22,"初デートが決まって魅音､
どうなった？",,"鼻血吹き出す
鼻血喷出","立ったまま気絶
站着晕倒","穴を掘って埋まる
挖洞埋起来","逃亡して行方不明
逃亡后下落不明",
qlv4_23,"鷹野を操る影の支配者､
名乗っていない苗字は？",,"森
森","野村
野村","渡邉
渡边","舞沢
舞泽",
qlv4_24,"褶尽し編・裏｣､ラスポス､
千葉を逮捕したのは？",,"反町
反町","巴
巴","山沖
山冲","前野
前野",
qlv4_25,赤坂の得意技で違うのは？,,"射撃
射击","格闘技
格斗技","諜報
谍报","麻雀
麻将",
qlv4_26,｢言祝し編｣の園崎家当主､名前は？,,"魔央
魔央","真緒
真绪","真央
真央","真魚
真鱼",
qlv4_27,田無美代子､集めているのは？,,"旗
旗","コイン
硬币","切手
邮票","キャップ
盖子",
qlv4_28,"鷹野三四の恩人､高野先生。
下の名前は？",,"一二三
一二三","十三
十三","一八
一八","二三也
二三也",
qlv4_29,"雲雀13､
何に例えてクールといった？",,"ミント
薄荷","アイス
冰淇淋","ナイフ
小刀","アフロ
爆炸头",
qlv4_30,"雲雀13､沙都子のトラップに
どう対抗した？",,"後ろに下がる
向后退","真ん中を通る
从正中通过","真上にジャンプ
向上跳","その場を動かない
原地不动",
qlv4_31,公由夏美､昔のアダ名は？,,"座敷わらし
座敷童子","コロポックル
克洛波库尔","キジムナー
木棉妖","ぬらりひょん
滑瓢",
qlv4_32,"南井巴､
物語中ではどこまで出世した？",,"広報室長
宣传室长","刑事課長
刑事课长","公安課長
公安课长","署長
署长",
qlv4_33,巴の協力者の相馬､所属はどこ？,,"科学警察研究所
科学警察研究所","科学捜査研究所
科学搜查研究所","麻薬取締官事務所
缉毒官事务所","東京地方検察庁
东京地方检察厅",
qlv4_34,巴の協力者の反町､所属はどこ？,,"東京地方検察庁
东京地方检察厅","科学捜査研究所
科学搜查研究所","科学警察研究所
科学警察研究所","麻薬取締官事務所
缉毒官事务所",
qlv4_35,公由志乃の声優さんは？,,"前田愛
前田爱","松井菜桜子
松井菜樱子","水野理紗
水野理纱","井上麻里奈
井上麻里奈",
qlv4_36,園崎魔央の声優さんは？,,"井上麻里奈
井上麻里奈","松井菜桜子
松井菜樱子","前田愛
前田爱","水野理紗
水野理纱",
qlv4_37,立ち絵で負傷差分があるキャラは？,,"鷹野三四
鹰野三四","入江京介
入江京介","富竹ジロウ
富竹次郎","大石蔵人
大石藏人",
qlv4_38,"バトル用の立ち絵がないのは､
この中の誰？",,"反町美雪
反町美雪","竜宮レナ
龙宫蕾娜","羽入
羽入","園崎魅音
园崎魅音",
qlv4_39,"｢言祝し編｣の羽入､
巫女服の前はどんな服だった？",,"黒い戦闘服
黑色战斗服","白い宇宙服
白色宇宙服","実は裸
其实是裸体","赤い羽衣
红色羽衣",
qlv4_40,"｢言祝し編｣､陸を助けるため
羽入が倒したケモノは？",,"熊
熊","狼
狼","猪
猪","象
象",
qlv4_41,"原作版｢祭囃し編｣､
エンディグテーマは何？",,"そらのむこう
天空的彼岸","you
you","Friend
Friend","escape
escape",
qlv4_42,"｢賽殺し編｣､
母と一緒に作ったのは何？",,"カレー
咖喱","肉じゃが
土豆炖肉","オムライス
蛋包饭","シチュー
炖菜",
qlv4_43,"｢祭囃し編｣､
赤坂の一撃は何にたとえられた？",,"徹甲弾
穿甲弹","焼夷弾
燃烧弹","核弾頭
核弹头","爆裂弾
爆裂弹",
qlv4_44,"絆シリーズの｢言祝し編｣､
脚本を担当したのは？",,"中村慎介
中村慎介","中野麻衣
中野麻衣","宮城季詩子
宫城季诗子","鴻野貴光
鸿野贵光",
qlv4_45,山沖とまどか､年齢は何歳差？,,"31歳
31岁","26歳
26岁","40歳
40岁","28歳
28岁",
qlv4_46,"ひぐらしのなく頃に絆､
第四巻は？",,"絆
绊","祟
祟","想
想","螺
螺",
qlv4_47,"絆シリーズ第四巻､
出たのは何年？",,"2010年
2010年","2007年
2007年","2008年
2008年","2009年
2009年",
qlv4_48,｢Friend｣､歌ったのは誰?,,"いとうかなこ
伊藤香奈子","彩音
彩音","Cyua
Cyua","諫山実生
谏山实生",
qlv4_49,"｢コンプレックス・イマージュ｣､
歌ったのは誰？",,"彩音
彩音","いとうかなこ
伊藤香奈子","Cyua
Cyua","諫山実生
谏山实生",
qlv4_50,"｢漂尽し編｣､
エンディングテーマは何？",,"Friend
Friend","そらのむこう
天空的彼岸","you
you","escape
escape",
qlv4_51,このキャラは誰？,这个角色是谁？,"鷹野
鹰野","鷹埜
鹰野","高野
高野","ラムダデルタ
拉姆达戴露塔",
qlv4_52,このキャラは誰？,这个角色是谁？,"イェアソムール
耶阿索穆尔","尾八白様
尾八白大人","アウアウローラ
啊呜啊呜罗拉","ジェダ
杰达",
qlv4_53,このキャラは誰？,这个角色是谁？,"お魎
阿魉","お菊
阿菊","お梅
阿梅","お京
阿京",
qlv4_54,このキャラは誰？,这个角色是谁？,"桜花
樱花","桃花
桃花","彩花
彩花","梨花
梨花",
qlv4_55,このキャラは誰？,这个角色是谁？,"雲雀13
云雀13","鶯13
莺13","燕13
燕13","天草十二
天草十二",
qlv4_56,このキャラを演じた声優さんは？,这个角色的出演声优是谁？,"佐藤利奈
佐藤利奈","左藤利奈
左藤利奈","佐藤縁寿
佐藤缘寿","レールガン・御坂
超电磁炮・御坂",
qlv4_57,このキャラを演じた声優さんは？,这个角色的出演声优是谁？,"間島淳司
间岛淳司","真島淳司
真岛淳司","間島純次
间岛纯次","プリニー・稲穂
普利尼・稻穗",
qlv4_58,このキャラを演じた声優さんは？,这个角色的出演声优是谁？,"大浦冬華
大浦冬华","田無三四
田无三四","田無美代子
田无美代子","メリル・田無
梅丽尔・田无",
qlv4_59,このキャラを演じた声優さんは？,这个角色的出演声优是谁？,"若本規夫
若本规夫","若本ノリ夫
若本规夫","若元紀夫
若元纪夫","穴子輝
星鳗辉",
qlv4_60,このキャラを演じた声優さんは？,这个角色的出演声优是谁？,"関智一
关智一","関友一
关友一","関俊一
关俊一","ドモン・骨川
多蒙・骨川",
qlv5_01,"鹿骨市役所雛見沢出張所主事､
そのフルネームは？",,"公由真由美
公由真由美","公由春子
公由春子","公由冬司
公由冬司","公由アキ
公由亚纪",
qlv5_02,"園崎本家のお手伝いさん､
そのフルネームは？",,"牧野沁子
牧野沁子","染シミ子
染染子","牧野アンナ
牧野安娜","熊沢チヨ
熊泽千代",
qlv5_03,"鬼隠し編､レナが圭一に
言い放った言葉は？",,"嘘だッ！
骗人！","嘘だっちゃ！
骗人的说！","嘘だぁ！！！
骗人哒！！！","嫌だッ！
不要！",
qlv5_04,"興宮タイタンズの
実力派投手の名前は？",,"亀田
龟田","辰吉
辰吉","竹原
竹原","内藤
内藤",
qlv5_05,"葛西辰由､
｢何｣の辰と呼ばれていたか？",,"散弾銃
散弹枪","機関銃
机关枪","光線銃
光线枪","水鉄砲
水枪",
qlv5_06,｢はにゆう｣市がある県名は？,,"埼玉県
埼玉县","茨城県
茨城县","岐阜県
岐阜县","沖縄県
冲绳县",
qlv5_07,"濡尽し編､鷹野に対して
発砲許可を出したのは誰？",,"大高
大高","織田
织田","大石
大石","熊谷
熊谷",
qlv5_08,"BSスカパー！版ドラマで
圭一を演じたのは誰？",,"稲葉友
稻叶友","吉沢亮
吉泽亮","赤楚衛二
赤楚卫二","瀬戸利樹
濑户利树",
qlv5_09,"BSスカパー！版
ひぐらしのなく頃に解は全何話？",,"4話
4话","3話
3话","12話
12话","11話
11话",
qlv5_10,"BSスカパー！版
ひぐらしのなく頃に､
部活メンバーの女性を
演じたのは？",,"NGT48
NGT48","AKB48
AKB48","乃木坂46
乃木坂46","SKE48
SKE48",
qlv5_11,"神姦し編､エンディングテーマは
｢ひぐらし｣何？",,"ブレイクアウト！
破局！","アウトブレイク！
Outbreak！","ブレイクスルー！
突破！","が鳴き止まない
鸣叫不止",
qlv5_12,"ひぐらしシリーズ､
存在しないタイトルは？",,"散
散","礼
礼","祭
祭","雀
雀",
qlv5_13,"雛見沢のモデルとなった白川郷､
何県にある？",,"岐阜
岐阜","富山
富山","長野
长野","福井
福井",
qlv5_14,竜宮レナの本名は？,,"礼奈
礼奈","玲奈
玲奈","麗奈
丽奈","れな
蕾娜",
qlv5_15,"パッターボックスで
沙都子が口にくわえているものは？",,"葉っぱ
叶子","たんぽぽ
蒲公英","ジャーキー
肉干","歯ブラシ
牙刷",
qlv5_16,"｢ひぐらしのなく頃に祭・限定版｣
ポストカードケースの内側に
描かれているものは？",,"眼
眼","鉈
柴刀","おはぎ
牡丹饼","ひぐ夫
蝉夫",
qlv5_17,"｢パチスロひぐらしのなく頃に祭｣､
宣伝部長は誰？",,"ひぐ夫
蝉夫","ひぐしげ
蝉茂","しげっるチー
茂尔奇","オヤシロリカ
御社梨花",
qlv5_18,圭一の二つ名､何の｢魔術師｣？,,"口先
口头功夫","妄想
妄想","ハッタリ
虚张声势","漆黒
漆黑",
qlv5_19,"罪滅し編､
罪を告白するレナは
何の上に立っていた？",,"廃車
废车","富竹の背中
富竹的背影","ケンタ君人形
健太君人偶","銭湯の煙突
澡堂的烟囱",
qlv5_20,"皆殺し編､
圭一に殴りかかる
詩音が持っていた物は？",,"椅子
椅子","金属バット
金属球棒","スタンガン
电击枪","日本刀
日本刀",
qlv5_21,"祭囃し編
美代子が電話ポックスで
見つけたものは？",,"10円玉
10元硬币","テレホンカード
电话卡","サイフ
钱包","金塊
金块",
qlv5_22,"園崎家､古井戸の中に
隠されていたものは？",,"抜け穴
暗道","黄金
黄金","宇宙船
宇宙船","テスト答案
测试答卷",
qlv5_23,雛見沢村の旧称は？,,"鬼ケ淵村
鬼渊村","清見村
清见村","荘川村
庄川村","白川村
白川村",
qlv5_24,"梨花が打ち破ったのは
何年間の袋小路？",,"100年以上
100年以上","17年
17年","1000年
1000年","28年
28年",
qlv5_25,"大石刑事､
下の名をカタカナで書くと？",,"クラウド
云","ヴァン
凡","ティーダ
泰达","ノクティス
诺克提斯",
qlv5_26,山狗の指揮官､小此木の階級は？,,"二尉
二尉","三佐
三佐","軍曹
军曹","曹長
曹长",
qlv5_27,詩音のバイト先､店名はどれ？,,"エンジェルモート
Angel Mort","ハンナミラーズ
Anna Miller's","びっくりモンキー
惊吓猴子","シルバーパロット
银鹦鹉",
qlv5_28,詩音のバイト先､経営者の名前は？,,"義郎
义郎","泰夫
泰夫","啓一
启一","兵吾
兵吾",
qlv5_29,悟史の口癖は？,,"むぅ…
唔…","うりゅー
乌琉","はにゅん
哈牛","わにゃん
哇喵",
qlv5_30,"｢ひぐらしのなく頃に祭｣､
予約特典の悟志バットは
どんな機能？",,"ボールペン
圆珠笔","耳かき
掏耳朵","タッチペン
触控笔","充電器
充电器",
qlv5_31,"目明し編､
クレジットで流れる曲はどれ？",,"you
you","your
your","奈落の花
奈落之花","漆黒の祭壇
漆黑的祭坛",
qlv5_32,"罪滅し編､
レナが学校に撤いたのは何？",,"ガソリン
汽油","除草剤
除草剂","金塊
金块","まきびし
撒菱",
qlv5_33,"この中で､2017年までに
存在しない作品は？",,"祝
祝","誓
誓","叫
叫","怪
怪",
qlv5_34,大石のソウルネームは何？,,"クラウド
云","オリバー
奥利弗","ウェイン
韦恩","チャールズ
查尔斯",
qlv5_35,富竹のソウルネームは何？,,"トミー
汤米","サイラス
赛拉斯","ケイレブ
凯莱布","リチャード
理查德",
qlv5_36,入江のソウルネームは何？,,"イリー
入江","ジャンヌ
贞德","ツェル
采尔","ニーナ
尼娜",
qlv5_37,圭一のソウルネームは何？,,"Ｋ
Ｋ","アラン
阿兰","キース
基斯","ガブリエル
加百列",
qlv5_38,"トミー､イリー､クラウド､Kで
構成されるのはソウル？",,"ブラザー
兄弟","ドラゴン
龙","キャット
猫","ファイター
斗士",
qlv5_39,知恵先生､好きな食べ物は何？,,"カレー
咖喱","ミートソース
肉酱","麻婆豆腐
麻婆豆腐","あったか寄せ鍋
热乎乎什锦锅",
qlv5_40,"コ三カライズ版
｢離見沢停留所｣の作画は誰？",,"ともぞ
友藏","緋賀ゆかり
绯贺由香里","小池ノクト
小池Nocto","和遥キナ
和遥基娜",
qlv5_41,PC原作版１～４話を総じて何という？,,"出題編
出题篇","前編
前篇","ビギニング
开始","上巻
上卷",
qlv5_42,PC原作版５～８話を総じて何という？,,"解答編
解答篇","後編
后篇","ラストシーズン
最后的季节","下巻
下卷",
qlv5_43,"｢音楽CD｣､弦楽四重奏とピアノで
アレンジされたアルバム名は？",,"奏
奏","楽
乐","弦
弦","音
音",
qlv5_44,"コンシューマ版｢奉｣で
初収録となった作品はどれ？",,"雛見沢停留所
雏见泽停留所","心癒し編
心愈篇","羞晒し編
羞曝篇","現壊し編
现坏篇",
qlv5_45,"コンシューマ版｢奉｣で
初収録となった作品はどれ？",,"アウトブレイク
Outbreak","君恋し編
君恋篇","語咄し編
语咄篇","村崩し編
村崩篇",
qlv5_46,"コンシューマ版｢奉｣で
初収録となった作品はどれ？",,"神姦し編
神奸篇","虚仮威し編
虚张声势篇","幸探し編
幸探篇","夢交し編
梦交篇",
qlv5_47,"コンシューマ版｢奉｣で
初収録となった作品はどれ？",,"罰恋し編
罚恋篇","厄醒し編
厄醒篇","夜更し編
夜更篇","猫殺し編
猫杀篇",
qlv5_48,"コンシューマ版
｢ひぐらしのなく頃にシリーズ｣で､
発売されていなジャンルは？",,"ＳＲＰＧ
ＳＲＰＧ","アドベンチャー
冒险","麻雀
麻将","対戦アクション
对战动作",
qlv5_49,"雛見沢一帯で起こる風土病､
離見沢何と呼ばれる？",,"症候群
综合征","吊り橋効果
吊桥效应","病
病","ショック
冲击",
qlv5_50,"｢僕達はもう知っている｣を
歌っているのは誰？",,"松澤由美
松泽由美","片霧烈火
片雾烈火","島みやえい子
岛宫荣子","anNina
anNina",
qlv5_51,｢side effect｣とは何を示す言葉?,,"副作用
副作用","虚言
谎言","妄想
妄想","輪廻
轮回",
qlv5_52,｢アセンション｣とは何を示す言葉？,,"運気による変化
因运势而变化","疑心暗鬼
疑心暗鬼","平行世界
平行世界","信念を貫くこと
坚守信念",
qlv5_53,"この文字､なんて読む？

軒昂",,"けんこう
健康","こうよう
红叶","こうふん
兴奋","のきあがり
檐上",
qlv5_54,"この文字､なんて読む？

弛緩",,"しかん
士官","しゆる
自由","ゆるゆる
松松软软","たるむ
松弛",
qlv5_55,"この文字､なんて読む？

蹂躙",,"じゅうりん
蹂躏","とうしゅう
东洲","じゅうそく
充足","そくそく
速速",
qlv5_56,このキャラは誰？,这个角色是谁？,"荒川龍ノ介
荒川龙之介","荒川龍一
荒川龙一","畠山一馬
畠山一马","黒澤工
黑泽工",
qlv5_57,このキャラは誰？,这个角色是谁？,"采
采","彩
彩","舟
舟","稲
稻",
qlv5_58,このキャラは誰？,这个角色是谁？,"ウネ
畝","フネ
船","イネ
稻","クネ
九音",
qlv5_59,このキャラは誰？,这个角色是谁？,"田村媛命
田村媛命","村田姫
村田姬","田村みこと
田村美琴","田村姫命
田村姬命",
qlv5_60,このキャラは誰？,这个角色是谁？,"荒川
荒川","小日向
小日向","右代宮
右代宫","前原
前原",
qlv6_01,"神姦し編､
圭一たちが最初に目指した
場所は何処？",,"園崎組事務所
园崎组事务所","入江診療所
入江诊疗所","鬼ヶ淵沼
鬼渊沼","古手神社
古手神社",
qlv6_02,"神姦し編､
レナが見つけてきた武器は
どの立て看板？",,"駐輪禁止
禁停单车","駐車禁止
禁止停车","一時停止
暂停","進入禁止
禁止进入",
qlv6_03,"鬼曝し編､
コミカライズ版の連載誌は？",,"コンプエース
Comp Ace","ヤングエース
YOUNG ACE","電撃大王
电击大王","ヤングガンガン
YOUNG GANGAN",
qlv6_04,"雛見沢停留所､
コミカライズ版の連載誌は？",,"ビッグガンガン
BIG GANGAN","ヤングガンガン
YOUNG GANGAN","ガンガンJOKER
GANGAN JOKER","Gファンタジー
G Fantasy",
qlv6_05,｢ひとつのいのち｣を歌ったのは誰？,,"上間江望
上间江望","神代海凪
神代海凪","神園しのぶ
神园忍","桐原歩鳥
桐原步鸟",
qlv6_06,"限定版ドラマCDで
メイド調教を受けたのは誰？",,"鉄平
铁平","入江
入江","羽入
羽入","采
采",
qlv6_07,"TVアニメ版｢ひぐらしのなく頃に｣
エンディングを歌ったのは誰？",,"片霧烈火
片雾烈火","相原優気
相原优气","天弄御魂
天弄御魂","篝
篝火",
qlv6_08,"TVアニメ版
｢ひぐらしのなく頃に解｣､
エンディング曲はどれ？",,"対象a
对象a","対象r
对象r","魔王k
魔王k","検体s
样本s",
qlv6_09,｢when they｣の後には何が来る?,,"cry
cry","laugh
laugh","die
die","sleep
sleep",
qlv6_10,"ドラマCD｢君恋し編｣で､
圭一に｢キュン？｣としたのは誰？",,"園崎お魎
园崎阿魉","園崎詩音
园崎诗音","園崎茜
园崎茜","園崎魅音
园崎魅音",
qlv6_11,"羞晒し編､
呪いの掛かったアイテムは何？",,"海水パンツ
泳裤","メガホン
扩音器","バット
球棒","カーテンのシャー
窗帘的沙沙声",
qlv6_12,"なにかとクローズアップされる
｢雲雀13｣､口癖は何？",,"クール
酷","ホット
热","シット
Shit","すったらん
擂乱",
qlv6_13,"部活メンパー､
｢口先の魔術師｣は誰？",,"前原圭一
前原圭一","前原Ｋ
前原Ｋ","前原佳一
前原佳一","北条悟史
北条悟史",
qlv6_14,"部活メンバー､
｢かあいいモード｣は誰？",,"竜宮レナ
龙宫蕾娜","龍宮レナ
龙宫蕾娜","竜宮０７
龙宫０７","竜宮れな
龙宫蕾娜",
qlv6_15,"部活メンバー､
｢トラップ使い｣は誰？",,"北条沙都子
北条沙都子","北城沙都子
北条沙都子","北条聡子
北条聪子","北條紗都子
北条沙都子",
qlv6_16,"部活メンバー､
｢萌え落とし｣は誰？",,"古手梨花
古手梨花","古手利花
古手梨花","古出梨花
古手梨花","フレデリカ
弗蕾德莉卡",
qlv6_17,"部活メンバー､
｢期待の新人｣は誰？",,"古手羽入
古手羽入","古出羽生
古手羽入","古手ハイリューン
古手羽琉恩","古手羽生
古手羽生",
qlv6_18,"小此木が言う
三拍子に含まれない物は？",,"潜水
潜水","戦略
战略","戦術
战术","戦闘
战斗",
qlv6_19,"ドラマCD｢君恋し編｣､
恋の病は｢何｣でも治らないと
言った？",,"草津の湯
草津温泉","イケメン
帅哥","少女漫画
少女漫画","手料理
亲手做的料理",
qlv6_20,"ひぐらしのなく頃に
10周年記念作品はどれ？",,"煌
煌","粋
粹","絆
绊","拡
扩",
qlv6_21,"北条悟史がアルバイトで買った
プレゼントは何？",,"ぬいぐるみ
毛绒玩具","自転車
自行车","ゲーム機
游戏机","ランドセル
双肩包",
qlv6_22,"沙都子が知恵に言い放った
悪口はどれ？",,"カレー独身貴族
咖喱单身贵族","パン屋の小娘
面包店的小姐","知恵サマー
知惠Summer","インドに帰れ
滚回印度去",
qlv6_23,"鬼曝し編､
その後を書いた物語はどれ？",,"鬼曝し編アフター
鬼曝篇After","裏返し編
里返篇","現壊し編
现坏篇","燕返し編
燕返篇",
qlv6_24,"現壊し編､
ヒロインは詩音と誰？",,"瑞穂
瑞穗","ゆかり
由香里","シスターマリア
修女玛利亚","咲
咲",
qlv6_25,"現壊し編､
登場した刑事は誰？",,"大石
大石","赤坂
赤坂","巴
巴","反町
反町",
qlv6_26,"宵越し編､
コミカライズ版の連載誌は？",,"Gファンタジー
G Fantasy","ヤングガンガン
YOUNG GANGAN","コンプエース
Comp Ace","ビッグガンガン
BIG GANGAN",
qlv6_27,"罰恋し編で羽入は
何のコスプレをさせられた？",,"さくたろう
樱太郎","メイド服
女仆装","巫女
巫女","ねこ耳スク水
猫耳死库水",
qlv6_28,"ひぐらしのなく頃に､
文庫版はどこから出版された？",,"星海社文庫
星海社文库","スニーカー文庫
Sneaker文库","電撃文庫
电击文库","ＧＡ文庫
ＧＡ文库",
qlv6_29,"圭一が母親から託かった
レナへのお礼は？",,"お漬物ありがとう
谢谢腌菜","カレーありがとう
谢谢咖喱","おでんありがとう
谢谢关东煮","煮物ありがとう
谢谢炖菜",
qlv6_30,"この中で
ー番年をとっているのは誰？",,"夏美
夏美","圭一
圭一","レナ
蕾娜","魅音
魅音",
qlv6_31,公由夏美､引っ越し先はどこ？,,"垣内
垣内","興宮
兴宫","穀倉
谷仓","高津戸
高津户",
qlv6_32,"エンジェルモートで
開催されるイベントは何？",,"デザートフェスタ
甜点嘉年华","苺祭
草莓祭","肉フェス
肉祭","すったて鍋合戦
擂锅合战",
qlv6_33,"魅音が集めているのは
カードゲームと何ゲーム？",,"ボードゲーム
桌游","テレビゲーム
电视游戏","ＬＳＩゲーム
ＬＳＩ游戏","知育ゲーム
益智游戏",
qlv6_34,"沙都子のトラップ
魅音の声でギリギリ避けたのは？",,"すずり
砚台","バケツ
水桶","黒板消し
黑板擦","濡れた雑巾
湿抹布",
qlv6_35,"悪戯を謝らない沙都子に
圭一は何をした？",,"デコピン
弹脑门","しっぺ
反击","頭突き
头槌","くすぐり
挠痒",
qlv6_36,"ゴ三山で圭一に声を掛けた富竹､
職業はなんと名乗った？",,"カメラマン
摄影师","フリーター
自由职业者","建設省職員
建设省职员","時報役
报时员",
qlv6_37,ゲーム中の鷹野の第一声は？,,"こんにちは
你好","鷹野よ
鹰野哟","こんばんは
晚上好","あら、詩音ちゃん
哎呀，诗音酱",
qlv6_38,"圭一が詩音と
初めて会ったのはどこ？",,"エンジェルモート
Angel Mort","セブンスマート
7th Mart","園崎家
园崎家","古手神社
古手神社",
qlv6_39,"初めて圭一をエンジェルモートに
連れて行ったのは誰？",,"圭一の父
圭一父亲","レナ
蕾娜","魅音
魅音","富竹
富竹",
qlv6_40,"圭一の父､
何が目的でエンジェルモートに
通っていた？",,"制服
制服","Ｖ．Ｇ．
Ｖ．Ｇ．","スイーツ
甜点","ランチ
午餐",
qlv6_41,"圭一の父､
誰に叩かれた事がないと
言っていた？",,"父さん
爸爸","母さん
妈妈","息子
儿子","女王様
女王大人",
qlv6_42,"レナと圭一､
タ飯の買い物中に
出会ったのは誰？",,"リナ
莉娜","リサ
理沙","リタ
利塔","メイシェ
梅谢",
qlv6_43,"レナが前原家で作ったのは
何カレー？",,"ビーフカレー
牛肉咖喱","ポークカレー
猪肉咖喱","カツカレー
炸猪排咖喱","シーフードカレー
海鲜咖喱",
qlv6_44,"綿流し祭､
圭一たちが出店で
食べなかった物は？",,"ジャガバター
黄油土豆","たこ焼き
章鱼烧","かき氷
刨冰","綿アメ
棉花糖",
qlv6_45,"圭ーがレナに見せたのは
何のキーホルダー？",,"オットセイ
海狗","猫
猫","山羊
山羊","イルカ
海豚",
qlv6_46,"富竹を入部させる為に､
魅音が認定したのは何？",,"名誉市民
名誉市民","特別メンバー
特别成员","一日市民
一日市民","特待生
特待生",
qlv6_47,"圭一が射的ゲームで獲得した景品は
何のヌイグルミ？",,"クマ
熊","ライオン
狮子","オットセイ
海狗","ペンギン
企鹅",
qlv6_48,"離見沢でのお祭り､
町内会の人が
丸めて配っている物は？",,"綿
绵","餅
年糕","水飴
水饴","てるてる坊主
晴天娃娃",
qlv6_49,梨花の父親の職業は？,,"神主
神主","行司
行司","住職
住持","小料理屋
小料理店",
qlv6_50,"診療所の鷹野三四､
何を用意して待つと言った？",,"太めの注射針
较粗的注射针","苦くないお薬
不苦的药","痛くない注射針
不痛的注射针","熱いほうじ茶
热焙茶",
qlv6_51,"ダム反対同盟の事務所が
あったのは何処？",,"古手神社
古手神社","園崎家
园崎家","雛見沢分校
雏见泽分校","公由家
公由家",
qlv6_52,"圭ーが｢オヤシロさま｣の
話を聞いた時､
居なかったのは誰？",,"梨花
梨花","富竹
富竹","鷹野
鹰野","詩音
诗音",
qlv6_53,"圭ーが知恵先生を怒らせた
カレーに対する一言は？",,"ジャンクフード
垃圾食品","スローフード
慢食","ファーストフード
快餐","ソウルフード
灵魂食物",
qlv6_54,"この文字､なんて読む？

呵責",,"かしゃく
扩杓","かせき
化石","かっせき
滑石","どなりぜめ
怒吼攻击",
qlv6_55,"この文字､なんて読む？

入水",,"じゅすい
受水","にゅうすい
入水","いりみず
入水","いりすい
入须井",
qlv6_56,"この文字､なんて読む？

絨毯",,"じゅうたん
地毯","じゅうだん
十段","けむしろ
烟席","せんい
纤维",
qlv6_57,"この文字､なんて読む？

卑劣漢",,"ひれつかん
卑鄙感","くず
屑","ひれつおとこ
卑鄙的男人","ひじゃくかん
被酌馆",
qlv6_58,このキャラは誰？,这个角色是谁？,"魅音
魅音","詩音
诗音","美音
美音","海音
海音",
qlv6_59,このキャラは誰？,这个角色是谁？,"梨花
梨花","利香
利香","理香
理香","花梨
花梨",
qlv6_60,このキャラは誰？,这个角色是谁？,"吉村
吉村","吉岡
吉冈","有村
有村","荒川
荒川",
qlv7_01,"圭ーが飯ごうで炊くごはん､
何仕込办？",,"デイキャンプ
日间露营","ブートキャンプ
新兵训练营","ゆるキャン
轻松露营","オートキャンプ
汽车露营",
qlv7_02,梨花が真似た蛇の鳴き声は何？,,"がおー
嘎嗷ー","シャアアア
夏亚啊啊","にょろにょろ
扭来扭去","ゲロゲロ
呱呱",
qlv7_03,"カレー勝負､
魅音が仕込んだのは何？",,"ハンバーグ
汉堡肉","ロースカツ
炸里脊猪排","エビフライ
炸虾","ウスターソース
伍斯特酱",
qlv7_04,"カレー勝負､
圭一のおにぎりは何点だった？",,"100点
100分","10点
10分","0点
0分","及第点
及格分",
qlv7_05,"空腹の圭一､
詩音が差し入れた物は？",,"手作り弁当
手制便当","カップ麺
杯面","おはぎ
牡丹饼","ホールケーキ
整个蛋糕",
qlv7_06,"雛見沢分校､チャイ仏代わりの
振鈴は誰が鳴らしている？",,"校長
校长","知恵
知惠","校医
校医","日直
值日生",
qlv7_07,"圭一が作った
オットセイのキーホルダー､
色は何色？",,"青
青","黄
黄","黒
黑","茶
茶",
qlv7_08,"圭一が興宮に行くときの
移動手段は？",,"自転車
自行车","ローラースケート
旱冰鞋","徒歩
步行","小走り
小跑",
qlv7_09,"興宮で考え事をしていた圭一､
何にぶつかってしまった？",,"バイク
摩托车","自転車
自行车","工事の看板
施工告示牌","スポーツカー
跑车",
qlv7_10,"大石に連行された不良､
詩音が投げた台詞は？",,"おととい来やがれ
别再让我见到你","目障りだ、失せろ
碍眼，滚开","凄い漢だ
了不起的男子汉","私一人で充分だ
我一个人就够了",
qlv7_11,"詩音に迫る不良､
圭一はなんと
言いくるめようとした？",,"着衣の重要性
着装的重要性","水着の重要性
泳装的重要性","メイド服の重要性
女仆装的重要性","ねこ耳の重要性
猫耳的重要性",
qlv7_12,"圭一に助けられた詩音､
何を奢ってくれた？",,"アイスコーヒー
冰咖啡","オムライス
蛋包饭","苺ショート
草莓蛋糕","うどんの出汁
乌冬面汤底",
qlv7_13,"デザートフエスタ､
運ばれてきたのは
｢南国風シナモンの｣何？",,"アバンチュール
冒险","レッセフェール
自由放任","スリール
微笑","ジョリフィーユ
乔利菲尤",
qlv7_14,"デザートフエスタ､
料理をこぼされたズポンの値段は？",,"1,800円
1800元","2,980円
2980元","49,800円
49800元","980円
980元",
qlv7_15,"デザートフェスタ､
店内に響いたのは何コール？",,"フキフキ！
擦擦！","ヌギヌギ！
脱脱！","ブギウギ！
布基乌基！","ブリキー！
布利奇！",
qlv7_16,"デザートフェスタ､
ピンチに陥った圭一､
誰に助けを求めた？",,"部活メンバー
社团成员","父親
父亲","暗黒四天王
暗黑四天王","校長
校长",
qlv7_17,"両親の上京中､
圭一のご飯を
作りに来てくれたのは誰？",,"沙都子と梨花
沙都子和梨花","レナと魅音
蕾娜和魅音","魅音と詩音
魅音和诗音","富竹と鷹野
富竹和鹰野",
qlv7_18,"沙都子､
寝る前に何分歯を磨けと言った？",,"5分以上
5分以上","1分以内
1分以内","3分以上
3分以上","気の済むまで
直到满意为止",
qlv7_19,"沙都子､
兄の事をなんと呼んでいる？",,"にーにー
尼尼","あにぃ
哥","にいや
哥哥","あにしゃん
大哥",
qlv7_20,"井当勝負､
レナの作ったお弁当は？",,"そぼろ弁当
肉末便当","肉巻きお握り
肉卷饭团","熊肉重
熊肉盖饭","サンドイッチ
三明治",
qlv7_21,"井当勝負､
圭一のお弁当に足りない物は何？",,"彩り
色彩","炭水化物
碳水化合物","緑黄色野菜
黄绿色蔬菜","バランス
平衡",
qlv7_22,"弁当勝負､
魅音からビリを宣言されたのは誰？",,"梨花
梨花","沙都子
沙都子","圭一
圭一","沙都子＆梨花
沙都子＆梨花",
qlv7_23,"圭ーが沙都子にリクエストした
料理は何？",,"野菜炒め
炒蔬菜","チースー飯
芝士饭","五目うま煮ご飯
五目烩饭","酢豚
糖醋里脊",
qlv7_24,"沙都子との食事中､
席を立った圭一は
何処へ行くと言った？",,"トイレ
厕所","せっちん
茅房","厠
厕所","お便所
厕所",
qlv7_25,圭一の両親が家を空けた期間は？,,"二晩
两晚","七日
七日","半日
半天","一ヶ月
一个月",
qlv7_26,圭一の家で開かれていたのは何？,,"パーティー
派对","オフ会
线下会","三者面談
三方会谈","親族会議
亲族会议",
qlv7_27,"興宮小学校のグランドに
呼び出された圭一､
何を持ってきた？",,"ゴルフクラブ
高尔夫球杆","金属バット
金属球棒","鉄パイプ
铁管","水鉄砲
水枪",
qlv7_28,"沙都子､
遅れてきた圭一を何に例えた？",,"ガソリンスタンド
加油站","スーパー
超市","市民プール
市民游泳池","野球場
棒球场",
qlv7_29,興宮タイタンズ､亀田君の異名は？,,"弾丸直球
子弹直球","ひげそり投法
剃须刀投法","フォークの神様
叉子之神","ケンカ投法
打架投法",
qlv7_30,"前原圭一､
喧嘩と勘違いしたのは何？",,"野球
棒球","サッカー
足球","バスケットボール
篮球","ポケバイレース
迷你摩托车赛",
qlv7_31,"亀田に迫る圭一､
何を例えに屈服させた？",,"焼き肉食い放題
烤肉畅吃","デカ盛り食堂
大份量食堂","スイーツ食い放題
甜点畅吃","アイドル握手会
偶像握手会",
qlv7_32,亀田が好きな食べ物は？,,"洋菓子
洋点心","骨付きカルビ
带骨牛小排","ロース
里脊","ちゃんこ鍋
相扑火锅",
qlv7_33,"興宮タイタンズ戦､
最後は何で決着がついた？",,"ホームラン
本垒打","満塁ホームラン
满垒本垒打","犠牲フライ
牺牲高飞球","ツーベースヒット
二垒安打",
qlv7_34,"興宮タイタンズ戦､
監督が約束したご褒美は？",,"バーベキュー大会
烧烤大会","焼き芋大会
烤红薯大会","お寿司食べ放題
寿司畅吃","スイーツ食べ放題
甜点畅吃",
qlv7_35,"監督の名前を間違えていた圭一､
なんと言った？",,"入谷
入谷","入山
入山","入川
入川","入岡
入冈",
qlv7_36,"北条悟史､
雛見沢に居ない理由は
なんとされていた？",,"転校
转学","入院
住院","事故死
事故死","留学
留学",
qlv7_37,古手梨花､村の何とされている？,,"マスコット
吉祥物","生き字引
活字典","祟り
作祟","良心
良心",
qlv7_38,"入江監督､
沙都子を養子に迎え
どうしたいと言った？",,"可憐なメイド
可爱的女仆","魔法少女
魔法少女","女神
女神","村のアイドル
村里的偶像",
qlv7_39,"園崎詩音､
雛見沢ファイターズの何？",,"幽霊マネージャー
幽灵经理","幻の控え投手
梦幻替补投手","ピンチヒッター
代打","真の監督
真正的监督",
qlv7_40,"富田と岡村､
ポールが何処に挟まったと
言っていた？",,"２階の雨どい
二楼的雨水槽","物置の屋根
储物间屋顶","重機の隙間
重型机械的缝隙","側溝の奥
水沟深处",
qlv7_41,"分校に来た大石､
圭一を沙都子の何と揶揄した？",,"マネージャー
经理","彼氏
他","お兄さん
哥哥","保護者
监护人",
qlv7_42,"分校来左大石､
圭一の家を何と揶揄した？",,"前原屋敷
前原宅邸","前原ホテル
前原酒店","前原庭園
前原庭园","前原豪邸
前原豪宅",
qlv7_43,"カ尽くで圭一に詰め寄る大石､
制止したのは誰？",,"入江
入江","詩音
诗音","知恵
知惠","魅音
魅音",
qlv7_44,"大石刑事､
雛見沢では｢オヤシロさま｣の
｢何｣と噂されている？",,"使い
使者","生まれ変わり
转世重生","影
影","しもべ
仆从",
qlv7_45,"セプブンスマートで出会った夏美､
誰の知り合い？",,"魅音
魅音","レナ
蕾娜","沙都子
沙都子","圭一
圭一",
qlv7_46,"綿流し祭､
圭一の両親が
行きそびれた理由は？",,"父が起きなかった
爸爸没有醒来","母が熱を出した
妈妈发烧了","新刊が落ちた
新刊掉了","エジプト旅行中
埃及旅行中",
qlv7_47,"本格推理ゲームに挑んだ圭一､
自分をなんと呼称した？",,"シャーロック前原
夏洛克・前原","アルセーヌ前原
亚森・前原","前原コゴロウ
前原小五郎","江戸川ケーイチ
江户川圭一",
qlv7_48,"圭一が手を止めた犯人カード､
何と書いてあった？",,"悟史
悟史","詩音
诗音","オニカクシ
鬼隐","オヤシロサマ
御社大人",
qlv7_49,"圭一宛の電話､
大石はなんと名乗った？",,"興宮書房の大石
兴宫书房的大石","雛見沢分署の大石
雏见泽分署的大石","捜査一課の目暮
搜查一课的目暮","胃腸の弱い永沢
肠胃弱的永泽",
qlv7_50,鬼隠し､世間で言う何？,,"神隠し
神隐","金縛り
鬼压床","幽体離脱
灵魂出窍","記憶喪失
记忆丧失",
qlv7_51,鬼隠し､三年目の犠牲者は誰？,,"梨花の両親
梨花的父母","沙都子の叔母
沙都子的叔母","悟史
悟史","現場監督
现场监督",
qlv7_52,鬼隠し､一年目の犠牲者は誰？,,"現場監督
现场监督","梨花の父親
梨花的父亲","梨花の母親
梨花的母亲","分校の先生
分校的老师",
qlv7_53,"魅音が持ってきたおはぎ､
何に包まれていた？",,"新聞紙
报纸","包装紙
包装纸","ラップ
保鲜膜","タッパー
保鲜盒",
qlv7_54,"悟史と圭一､
共に突然持ち歩くように
なったのは何？",,"バット
球棒","ゴルフクラブ
高尔夫球杆","鉄パイプ
铁管","ぬいぐるみ
毛绒玩具",
qlv7_55,"大石が足りないと感じた警邏車､
何人乗っていた？",,"2人
2人","4人
4人","5人
5人","1人
1人",
qlv7_56,"鬼隠し編､
圭ーが最後に伝えた言葉は何？",,"ごめんなさい
对不起","喉が痒い…
喉咙好痒…","嘘だ！
骗人！","俺じゃない…
不是我…",
qlv7_57,"圭一を轢き逃げたワゴン車､
色は何？",,"白
白","黒
黑","ツートン
双色","グレー
灰色",
qlv7_58,コンシューマ版｢奉｣､主題歌は何？,,"僕達はもう知ってる
我们已经知道","君は何も知らない
你什么都不知道","僕らの雛見沢
我们的雏见泽","僕はきっと知ってる
我肯定知道",
qlv7_59,原作版｢奉｣主題歌は何？,,"あの日へ
向着那一天","光へ
向着光","あの日ね
那一天呢","汝、奉り給え
汝、供奉吧",
qlv7_60,"原作版から使用されている､ 
daiの代表曲といえば？",,"you
you","me
me","hope
hope","Answer
Answer",
qlv8_01,"縁日の焼きそば､
今年は何入りと言っていた？",,"イカリング
炸鱿鱼圈","豚肉
猪肉","タマネギ
洋葱","飛騨牛
飞騨牛",
qlv8_02,"たこ焼き屋台のオヤジ､
拘りのタコの産地は？",,"明石
明石","モーリタニア
毛里塔尼亚","三原
三原","日間賀島
日间贺岛",
qlv8_03,"縁日の金魚すくい､
金魚を見た詩音はなんと言った？",,"実に美味しそう！
看起来真好吃！","お姉と分けっこ
和姐姐分享","とっても可愛い！！
超可爱！！","活きがいい！
很新鲜！",
qlv8_04,"祭を抜け出した圭一と詩音､
暗闇で出会ったのは？",,"富竹と鷹野
富竹和鹰野","大石と熊谷
大石和熊谷","知恵と入江
知惠和入江","沙都子と悟史
沙都子和悟史",
qlv8_05,"境内の裏に居た鷹野､
何が綺麗な夜と言った？",,"お月様
月亮大人","蛍火
萤火","花火
烟花","演舞
演舞",
qlv8_06,"富竹と鷹野､
金庫破りをしようとしたのは何処？",,"祭具殿
祭具殿","賽銭箱
赛钱箱","酒蔵
酒窖","社務所
社务所",
qlv8_07,"祭具殿に忍び込んだ圭一達､
中で見た物は？",,"拷問器具
拷问器具","大人向けの雑誌
成人杂志","御神輿
神轿","ランディ君人形
兰迪君人偶",
qlv8_08,"底なしの鬼ヶ淵沼､
何処に繋がると言われていた？",,"鬼の国
鬼之国","夢の国
梦之国","黄泉の国
黄泉之国","黄金郷
黄金乡",
qlv8_09,"祭具殿の侵入に気づいた梨花､
なにが忍び込んだと言った？",,"猫さん
猫小姐","圭一
圭一","鷹野
鹰野","ワンワン
汪汪",
qlv8_10,"綿流し編､
会合の後､行方不明に
なったのは誰？",,"村長
村长","詩音の父
诗音父亲","詩音の母
诗音母亲","梨花
梨花",
qlv8_11,"綿流し編､
梨花を心配した圭一､
誰に電話を掛けた？",,"レナ
蕾娜","詩音
诗音","沙都子
沙都子","魅音
魅音",
qlv8_12,"梨花の住まいを訪ねた圭一､
レナはなんと言った？",,"神社の裏手の小屋
神社后面的小屋","沙都子の家の隣
沙都子家隔壁","神社の集会所
神社的集会所","興宮のホテル
兴宫的旅馆",
qlv8_13,"元気の無い圭一､
炊き出しの味噌汁をどうした？",,"断った
拒绝了","飲み干した
喝干了","おかわりした
续了一碗","頭から被った
从头套上",
qlv8_14,"園崎本家､
自宅周辺に配置したのは何？",,"監視カメラ
监控摄像头","沙都子のトラップ
沙都子的陷阱","飛び出し坊や
飞出行人牌","ペットボトル
塑料瓶",
qlv8_15,"園崎本家､
庭では何が採れると噂されている？",,"松茸
松茸","タラの芽
楤木芽","タマゴタケ
鹅膏菌","トリュフ
松露",
qlv8_16,"園崎家所有の森､
その入山料はいく5？",,"百万円
百万元","無料
免费","米一俵
一俵米","五百円
五百元",
qlv8_17,"綿流し編､
魅音と名乗る者に宿ったのは何？",,"鬼
鬼","オヤシロさま
御社神大人","悟史
悟史","宇宙人
外星人",
qlv8_18,園崎家､次期頭首は？,,"魅音
魅音","詩音
诗音","眞音
真音","瑠音
瑠音",
qlv8_19,"祟殺し編､
沙都子はなんと言って
学校を休んだ？",,"風邪
感冒","頭痛
头痛","骨折
骨折","麻疹
麻疹",
qlv8_20,"祟殺し編､
帰ってきた沙都子の血縁は誰？",,"叔父
叔父","叔母
叔母","兄
哥哥","両親
双亲",
qlv8_21,"北条鉄平､
沙都子の父親の何にあたる？",,"弟
弟弟","兄
哥哥","従兄弟
表兄弟","叔父
叔父",
qlv8_22,鉄平の麻雀仲間は誰？,,"椿
椿","赤坂
赤坂","各務
各务","大石
大石",
qlv8_23,"祟殺し編､
圭一が沙都子の家で
鉢合わせたのは誰？",,"監督
监督","大石
大石","村長
村长","知恵
知惠",
qlv8_24,"祟殺し編､
豹変した沙都子､
圭一をどこから突き飛ばした？",,"吊り橋
吊桥","崖
崖","屋上
屋顶","歩道
人行道",
qlv8_25,"祭具殿に忍び込んだ
幼少時の沙都子､
身代わりとなって罰を受けたのは？",,"梨花
梨花","魅音
魅音","悟史
悟史","沙都子の母
沙都子母亲",
qlv8_26,"祟殺し編､
入江の死因とされた物は？",,"睡眠薬
安眠药","交通事故
交通事故","多臓器不全
多脏器衰竭","窒息
窒息",
qlv8_27,"祟殺し編
病気の沙都子を連れ出した圭一､
沙都子はどんな姿だった？",,"バスタオル
浴巾","パジャマ
睡衣","レインコート
雨衣","普段着
便服",
qlv8_28,"離見沢村のガスによる
大災害が起きたのはいつ？",,"6月22日未明
6月22日凌晨","6月27日未明
6月27日凌晨","10月4日未明
10月4日凌晨","7月26日未明
7月26日凌晨",
qlv8_29,"暇潰し編､
舞台となった時代はいつ？",,"昭和53年
昭和53年","昭和60年
昭和60年","昭和47年
昭和47年","平成元年
平成元年",
qlv8_30,"暇潰し編､
雛見沢ダム建設に関わる
建設大臣は誰？",,"犬飼
养狗人","羊飼
牧羊人","牛飼
牧牛人","馴鹿
驯鹿",
qlv8_31,赤坂の妻の名前は？,,"雪絵
雪绘","美幸
美幸","美雪
美雪","梨花
梨花",
qlv8_32,"全職員招集を受けた赤坂､
緊張感を持つため何を思った？",,"精神を鋭利に
让精神敏锐","感覚を研ぎ澄ませ
磨砺感觉","空間を把握しろ
把握空间","アンテナを張れ
架起天线",
qlv8_33,"情報屋を利用する赤坂､
謝礼の区分は？",,"甲乙丙
甲乙丙","大中小
大中小","松竹梅
松竹梅","イロハ
伊吕波",
qlv8_34,"鬼ヶ淵村､
何が住むと言われている？",,"人食い鬼
食人鬼","かまいたち
镰鼬","烏天狗
鸦天狗","悪戯狸
恶作剧狸猫",
qlv8_35,"暇潰し編､
雛見沢を訪れた赤坂は
何処に泊まっていた？",,"安いホテル
便宜的旅馆","キャンプ
露营","民宿
民宿","興宮署
兴宫署",
qlv8_36,"大石との麻雀勝負､
ピンチになった赤坂が
取った行動は？",,"クシャミ
喷嚏","イカサマ
欺诈","急用で帰った
因急事回去了","失神
失神",
qlv8_37,"麻雀を嗜む赤坂､
若い頃に暴れまわったのは
早稲田と何処？",,"高田馬場
高田马场","八丁堀
八丁堀","門前仲町
门前仲町","浦安
浦安",
qlv8_38,"誘拐犯のヒントを得た大石､
向かったのは何処？",,"営林署の器材小屋
营林署的器材小屋","分校の資材置き場
分校的材料堆放处","谷河内の廃屋
谷河内的废屋","園崎家の地下
园崎家的地下",
qlv8_39,"目明し編､
脱走しようとした詩音､
7本の鍵への期待値は？",,"3.5本
3.5根","2.5本
2.5根","1本
1根","7本
7根",
qlv8_40,"目明し編､
脱走に成功した詩音､
何を食べたいと言った？",,"銀シャリ
白米饭","焼肉
烤肉","ハンバーガー
汉堡包","麦飯
麦饭",
qlv8_41,入江が例えた悟史の打率は？,,"煎餅の値引き率
煎饼的折扣率","餃子のうまさ
饺子的美味","赤い物の速度
红色物体的速度","外来の自己負担額
外来自费负担额",
qlv8_42,"目明し編､
園崎本家に呼び出された詩音を
出迎えたのは誰？",,"魅音
魅音","沁子
沁子","茜
茜","葛西
葛西",
qlv8_43,"目明し編､
大石は誰のアリバイを調べていた？",,"悟史
悟史","詩音
诗音","沙都子
沙都子","鉄平
铁平",
qlv8_44,"沙都子に克服させたい野菜､
ナス､ピーマンもう1つは何？",,"アスパラガス
芦笋","レンコン
莲藕","トマト
西红柿","ブロッコリー
西兰花",
qlv8_45,"催眠スプレーを吹き付ける梨花､
詩音は何で対抗した？",,"スタンガン
电击枪","バット
球棒","包丁
菜刀","高枝切りばさみ
高枝剪",
qlv8_46,古手神社の至宝は何？,,"フワラズの勾玉
弗瓦拉兹的勾玉","魔法の鏡
魔法之镜","オヤシロステッキ
御社神杖","ニパニパワー
咪啪咪啪力量",
qlv8_47,"昼壊し編､
宝探しの休憩で
レナが差し入れた物は？",,"クッキー
饼干","お弁当
便当","カップケーキ
杯子蛋糕","おはぎ
牡丹饼",
qlv8_48,"フワラズの勾玉､
白の勾玉を最初に拾ったのは誰？",,"富竹
富竹","レナ
蕾娜","鷹野
鹰野","圭一
圭一",
qlv8_49,"フワラズの勾玉､
赤の勾玉を持っていたのは誰？",,"レナ
蕾娜","鷹野
鹰野","富竹
富竹","入江
入江",
qlv8_50,"梨花が持つ
通称｢妖気探知機｣はどんな形？",,"方位磁石
指南针","腕時計
手表","ペンデュラム
钟摆","カーナビ
车载导航",
qlv8_51,"昼壊し編､
レナの部屋に置かれていた
本はどれ？",,"現代メイド理論
现代女仆理论","近代メイド図鑑
近代女仆图鉴","メイドマガジン
女仆杂志","メイド＆タイツ
女仆＆连裤袜",
qlv8_52,"入江の言う三大属性､
｢甘えっ子｣｢ツンデレ｣あと一つは？",,"意外に家庭的
意外地顾家","ポニーテール
马尾辫","義理の妹
义妹","実は男の娘
其实是伪娘",
qlv8_53,"昼壊し編
レナの投球に苦戦する圭一､
誰と交代した？",,"沙都子
沙都子","悟史
悟史","魅音
魅音","監督
监督",
qlv8_54,"罪滅し編､
クラスメイト全員が参加した
競技は何？",,"水鉄砲対決
水枪对决","わんこそば対決
碗子荞麦面对决","流しそうめん対決
流水素面对决","缶蹴り
踢罐子",
qlv8_55,水鉄砲対決､その結果は？,,"引き分け
平局","圭一の勝利
圭一的胜利","レナの勝利
蕾娜的胜利","梨花の勝利
梨花的胜利",
qlv8_56,"罪滅し編ラスト､
圭一は何を宣言した？",,"勝利宣言
胜利宣言","敗北宣言
败北宣言","リベンジ宣言
复仇宣言","プロポーズ
求婚",
qlv8_57,"罪滅し編､
レナが学校に撤いたのは何？",,"ガソリン
汽油","除草剤
除草剂","石灰岩
石灰岩","灯油
煤油",
qlv8_58,"エンジェルモートの
衣装サイズが合わない梨花､
何を着た？",,"スクール水着
死库水","メイド服
女仆装","巫女服
巫女服","魔法少女
魔法少女",
qlv8_59,"梨花の罰ゲーム衣装の
素晴らしさを解いたのは誰？",,"富田と岡村
富田和冈村","荒川と利根川
荒川和利根川","花田と藤田
花田和藤田","大石と富竹
大石和富竹",
qlv8_60,喫茶店で葛西が頼んだ物は何？,,"日替わりデザート
每日特选甜点","日替わりランチ
每日特选午餐","オムライス
蛋包饭","ナポリタン
拿坡里意面",